﻿Designator,Footprint,Quantity,Value,LCSC Part #
"C1, C4",0805,2,1u,C24123
"C10, C14, C15, C18, C19, C21, C22, C3, C5, C6, C7",0805,11,0.1u,C519980
"C11, C12, C13, C17, C20, C23, C8",0805,7,10u,C95841
C16,0805,1,0.22u,C113853
C2,0805,1,22u,C98190
C9,0805,1,2.2u,C28234
D1,0805,1,LED,C965812
J1,USB_C_Receptacle_GCT_USB4105-xx-A_16P_TopMnt_Horizontal,1,USB_C_Receptacle_USB2.0_16P,USB4105-GF-A
J2,PinHeader_1x03_P2.54mm_Vertical,1,Conn_01x03,
J3,JST_PH_S2B-PH-K_1x02_P2.00mm_Horizontal,1,Conn_01x02_Socket,
J4,JST_PH_S8B-PH-K_1x08_P2.00mm_Horizontal,1,Conn_01x08_Socket,S8B-PH-K-S
J5,CUI_MSD-4-A,1,MSD-4-A,MSD-4-A
"R1, R10, R11, R13, R14, R15, R18, R19, R20, R21, R22, R23, R3, R6, R7, R8, R9",0805,17,10k,C17414
R12,0805,1,100k,C149504
"R16, R17, R2",0805,3,2.2k,C17520
"R4, R5",0805,2,5.1k,C27834
"SW1, SW2",SW_SPST_B3U-1000P,2,SW_Push,C720477
"SW3, SW4, SW5",SW_SPST_TL3305C,3,SW_Push,TL3305CF260QG
"TP1, TP2, TP3, TP4, TP5, TP6, TP7, TP8, TP9",TestPoint_Pad_D1.5mm,9,TestPoint,
U1,SOT-23-6,1,USBLC6-2SC6,C2827654
U2,ESP32-S2-MINI-1,1,ESP32-S3-MINI-1,C2913206
U3,QFN-10_2MMx2MM_MNP,1,MP2667,MP2667GG-0000-Z
U4,SOT-23-5,1,XC6220B331MR-G,C86534
U5,LGA-12_2x2mm_P0.5mm,1,LIS2MDL,LIS2MDLTR
U6,ublox_SAM-M8Q,1,SAM-M10Q,SAM-M10Q-00B
